Protocollo;Gruppo;DataOraIncidente;Localizzazione1;STRADA1;Localizzazione2;STRADA2;Strada02;Chilometrica;DaSpecificare;NaturaIncidente;particolaritastrade;TipoStrada;FondoStradale;Pavimentazione;Segnaletica;CondizioneAtmosferica;Traffico;Visibilita;Illuminazione;NUM_FERITI;NUM_RISERVATA;NUM_MORTI;NUM_ILLESI;Longitudine;Latitudine;Confermato;Progressivo;TipoVeicolo;StatoVeicolo;TipoPersona;Sesso;Tipolesione;Deceduto;DecedutoDopo;CinturaCascoUtilizzato;Airbag
1782764;23;27/11/2008 06:45;Strada Urbana;PIAZZA ODERICO DA PORDENONE;in prossimità;;del civico n. ;2;;Scontro laterale fra veicoli in marcia;Curva a visuale libera;Una carreggiata a senso unico di marcia;Asciutto;Asfaltata;Verticale ed orizzontale;Sereno;Normale;Buona;Ore Diurne;0;0;0;2;;;-1;1;Autocarro inferiore 35 q.;In marcia / fermata / arresto;Conducente;M;Illeso;0;;Utilizzato;Inesploso
1782764;23;27/11/2008 06:45;Strada Urbana;PIAZZA ODERICO DA PORDENONE;in prossimità;;del civico n. ;2;;Scontro laterale fra veicoli in marcia;Curva a visuale libera;Una carreggiata a senso unico di marcia;Asciutto;Asfaltata;Verticale ed orizzontale;Sereno;Normale;Buona;Ore Diurne;0;0;0;2;;;-1;2;Autovettura privata;In marcia / fermata / arresto;Conducente;F;Illeso;0;;Utilizzato;Inesploso
1782765;23;27/11/2008 09:25;Comunale extraurbana;VIA SALARIA;in prossimità;;della chilometrica ;14,1;;Scontro laterale fra veicoli in marcia;Rettilineo;Due carreggiate;Asciutto;Asfaltata;Verticale ed orizzontale;Sereno;Normale;Buona;Ore Diurne;0;0;0;2;;;-1;1;Autocarro superiore 35 q.;In marcia / fermata / arresto;Conducente;M;Illeso;0;;Non accertato;Inesistente
1782765;23;27/11/2008 09:25;Comunale extraurbana;VIA SALARIA;in prossimità;;della chilometrica ;14,1;;Scontro laterale fra veicoli in marcia;Rettilineo;Due carreggiate;Asciutto;Asfaltata;Verticale ed orizzontale;Sereno;Normale;Buona;Ore Diurne;0;0;0;2;;;-1;2;Autovettura privata;In marcia / fermata / arresto;Conducente;M;Illeso;0;;Utilizzato;Inesploso
1782766;1;27/11/2008 23:35;Strada Urbana;VIALE MANLIO GELSOMINI;all'intersezione con;VIA ODDONE DI CLUNY;VIA ODDONE DI CLUNY;;;Scontro frontale/laterale SX fra veicoli in marcia;Incrocio;Una carreggiata a doppio senso;Asciutto;Asfaltata;Verticale ed orizzontale;Nuvoloso;Normale;Buona;Sufficiente;0;0;0;2;;;-1;1;Autovettura pubblica;In marcia / fermata / arresto;Conducente;M;Illeso;0;;Non accertato;Inesistente
1782766;1;27/11/2008 23:35;Strada Urbana;VIALE MANLIO GELSOMINI;all'intersezione con;VIA ODDONE DI CLUNY;VIA ODDONE DI CLUNY;;;Scontro frontale/laterale SX fra veicoli in marcia;Incrocio;Una carreggiata a doppio senso;Asciutto;Asfaltata;Verticale ed orizzontale;Nuvoloso;Normale;Buona;Sufficiente;0;0;0;2;;;-1;2;Autovettura privata;In marcia / fermata / arresto;Conducente;F;Illeso;0;;Non accertato;Inesistente
1782767;1;28/11/2008 00:12;Strada Urbana;VIALE DI PORTA ARDEATINA;all'intersezione con;VIA GUERRIERI;VIA GUERRIERI;;;Scontro frontale/laterale SX fra veicoli in marcia;Incrocio;Una carreggiata a doppio senso;Asciutto;Asfaltata;Verticale ed orizzontale;Nuvoloso;Scarso;Sufficiente;Sufficiente;1;0;0;7;;;-1;1;Autovettura privata;In marcia / fermata / arresto;Conducente;M;Rimandato;0;NON DECEDUTO;Non accertato;Esploso
1782767;1;28/11/2008 00:12;Strada Urbana;VIALE DI PORTA ARDEATINA;all'intersezione con;VIA GUERRIERI;VIA GUERRIERI;;;Scontro frontale/laterale SX fra veicoli in marcia;Incrocio;Una carreggiata a doppio senso;Asciutto;Asfaltata;Verticale ed orizzontale;Nuvoloso;Scarso;Sufficiente;Sufficiente;1;0;0;7;;;-1;1;Autovettura privata;In marcia / fermata / arresto;Passeggero;M;Illeso;0;;Non accertato;Esploso
1782767;1;28/11/2008 00:12;Strada Urbana;VIALE DI PORTA ARDEATINA;all'intersezione con;VIA GUERRIERI;VIA GUERRIERI;;;Scontro frontale/laterale SX fra veicoli in marcia;Incrocio;Una carreggiata a doppio senso;Asciutto;Asfaltata;Verticale ed orizzontale;Nuvoloso;Scarso;Sufficiente;Sufficiente;1;0;0;7;;;-1;1;Autovettura privata;In marcia / fermata / arresto;Passeggero;M;Illeso;0;;Non accertato;Inesistente
1782767;1;28/11/2008 00:12;Strada Urbana;VIALE DI PORTA ARDEATINA;all'intersezione con;VIA GUERRIERI;VIA GUERRIERI;;;Scontro frontale/laterale SX fra veicoli in marcia;Incrocio;Una carreggiata a doppio senso;Asciutto;Asfaltata;Verticale ed orizzontale;Nuvoloso;Scarso;Sufficiente;Sufficiente;1;0;0;7;;;-1;2;Autovettura privata;In marcia / fermata / arresto;Conducente;M;Illeso;0;;Non accertato;Inesistente
1782767;1;28/11/2008 00:12;Strada Urbana;VIALE DI PORTA ARDEATINA;all'intersezione con;VIA GUERRIERI;VIA GUERRIERI;;;Scontro frontale/laterale SX fra veicoli in marcia;Incrocio;Una carreggiata a doppio senso;Asciutto;Asfaltata;Verticale ed orizzontale;Nuvoloso;Scarso;Sufficiente;Sufficiente;1;0;0;7;;;-1;2;Autovettura privata;In marcia / fermata / arresto;Passeggero;M;Illeso;0;;Non accertato;Inesistente
1782767;1;28/11/2008 00:12;Strada Urbana;VIALE DI PORTA ARDEATINA;all'intersezione con;VIA GUERRIERI;VIA GUERRIERI;;;Scontro frontale/laterale SX fra veicoli in marcia;Incrocio;Una carreggiata a doppio senso;Asciutto;Asfaltata;Verticale ed orizzontale;Nuvoloso;Scarso;Sufficiente;Sufficiente;1;0;0;7;;;-1;2;Autovettura privata;In marcia / fermata / arresto;Passeggero;M;Illeso;0;;Non accertato;Inesistente
1782767;1;28/11/2008 00:12;Strada Urbana;VIALE DI PORTA ARDEATINA;all'intersezione con;VIA GUERRIERI;VIA GUERRIERI;;;Scontro frontale/laterale SX fra veicoli in marcia;Incrocio;Una carreggiata a doppio senso;Asciutto;Asfaltata;Verticale ed orizzontale;Nuvoloso;Scarso;Sufficiente;Sufficiente;1;0;0;7;;;-1;2;Autovettura privata;In marcia / fermata / arresto;Passeggero;M;Illeso;0;;Non accertato;Inesistente
1782767;1;28/11/2008 00:12;Strada Urbana;VIALE DI PORTA ARDEATINA;all'intersezione con;VIA GUERRIERI;VIA GUERRIERI;;;Scontro frontale/laterale SX fra veicoli in marcia;Incrocio;Una carreggiata a doppio senso;Asciutto;Asfaltata;Verticale ed orizzontale;Nuvoloso;Scarso;Sufficiente;Sufficiente;1;0;0;7;;;-1;2;Autovettura privata;In marcia / fermata / arresto;Passeggero;M;Illeso;0;;Non accertato;Inesistente
1782768;1;28/11/2008 01:20;Strada Urbana;VIA DI TOR DI NONA;all'intersezione semaforizzata con;PONTE UMBERTO I;PONTE UMBERTO I;;;Tamponamento Multiplo;Intersezione semaforizzata;Una carreggiata a senso unico di marcia;Bagnato (pioggia);Asfaltata;Verticale ed orizzontale;Pioggia in atto;Normale;Buona;Sufficiente;0;0;0;6;;;-1;1;Autovettura privata;In marcia / fermata / arresto;Conducente;F;Illeso;0;;Non accertato;Inesistente
1782768;1;28/11/2008 01:20;Strada Urbana;VIA DI TOR DI NONA;all'intersezione semaforizzata con;PONTE UMBERTO I;PONTE UMBERTO I;;;Tamponamento Multiplo;Intersezione semaforizzata;Una carreggiata a senso unico di marcia;Bagnato (pioggia);Asfaltata;Verticale ed orizzontale;Pioggia in atto;Normale;Buona;Sufficiente;0;0;0;6;;;-1;2;Autovettura privata;In marcia / fermata / arresto;Conducente;M;Illeso;0;;Non accertato;Inesistente
1782768;1;28/11/2008 01:20;Strada Urbana;VIA DI TOR DI NONA;all'intersezione semaforizzata con;PONTE UMBERTO I;PONTE UMBERTO I;;;Tamponamento Multiplo;Intersezione semaforizzata;Una carreggiata a senso unico di marcia;Bagnato (pioggia);Asfaltata;Verticale ed orizzontale;Pioggia in atto;Normale;Buona;Sufficiente;0;0;0;6;;;-1;2;Autovettura privata;In marcia / fermata / arresto;Passeggero;M;Illeso;0;;Non accertato;Inesistente
1782768;1;28/11/2008 01:20;Strada Urbana;VIA DI TOR DI NONA;all'intersezione semaforizzata con;PONTE UMBERTO I;PONTE UMBERTO I;;;Tamponamento Multiplo;Intersezione semaforizzata;Una carreggiata a senso unico di marcia;Bagnato (pioggia);Asfaltata;Verticale ed orizzontale;Pioggia in atto;Normale;Buona;Sufficiente;0;0;0;6;;;-1;3;Autovettura privata;In marcia / fermata / arresto;Conducente;M;Illeso;0;;Non accertato;Inesistente
1782768;1;28/11/2008 01:20;Strada Urbana;VIA DI TOR DI NONA;all'intersezione semaforizzata con;PONTE UMBERTO I;PONTE UMBERTO I;;;Tamponamento Multiplo;Intersezione semaforizzata;Una carreggiata a senso unico di marcia;Bagnato (pioggia);Asfaltata;Verticale ed orizzontale;Pioggia in atto;Normale;Buona;Sufficiente;0;0;0;6;;;-1;3;Autovettura privata;In marcia / fermata / arresto;Passeggero;M;Illeso;0;;Non accertato;Inesistente
1782769;1;28/11/2008 08:10;Strada Urbana;VIALE MARCO POLO;in prossimità;;del civico n. ;119/A;;Tamponamento;Rettilineo;Due carreggiate;Bagnato (pioggia);Asfaltata;Verticale ed orizzontale;Pioggia in atto;Normale;Buona;Ore Diurne;1;0;0;1;;;-1;1;Autovettura pubblica;In marcia / fermata / arresto;Conducente;M;Illeso;0;;Non accertato;Inesistente
1782769;1;28/11/2008 08:10;Strada Urbana;VIALE MARCO POLO;in prossimità;;del civico n. ;119/A;;Tamponamento;Rettilineo;Due carreggiate;Bagnato (pioggia);Asfaltata;Verticale ed orizzontale;Pioggia in atto;Normale;Buona;Ore Diurne;1;0;0;1;;;-1;2;Motociclo a solo;In marcia / fermata / arresto;Conducente;M;Rimandato;0;NON DECEDUTO;Non accertato;Inesistente
1782770;1;28/11/2008 14:20;Strada Urbana;VIA SICILIA;in prossimità;;del civico n. ;174;;Scontro frontale/laterale SX fra veicoli in marcia;Rettilineo;Una carreggiata a senso unico di marcia;Bagnato (pioggia);Lastricata;Verticale ed orizzontale;Nuvoloso;Normale;Buona;Ore Diurne;1;0;0;1;;;-1;1;Motociclo a solo;In marcia / fermata / arresto;Conducente;M;Rifiuta cure immediate;0;NON DECEDUTO;Non accertato;Inesistente
1782770;1;28/11/2008 14:20;Strada Urbana;VIA SICILIA;in prossimità;;del civico n. ;174;;Scontro frontale/laterale SX fra veicoli in marcia;Rettilineo;Una carreggiata a senso unico di marcia;Bagnato (pioggia);Lastricata;Verticale ed orizzontale;Nuvoloso;Normale;Buona;Ore Diurne;1;0;0;1;;;-1;2;Autovettura privata;In marcia / fermata / arresto;Conducente;M;Illeso;0;;Non accertato;Inesistente
1782771;1;29/11/2008 00:15;Strada Urbana;VIALE MANZONI;in corrispondenza;;del civico n. ;32;;Scontro laterale fra veicoli in marcia;Rettilineo;Una carreggiata a doppio senso;Bagnato (pioggia);Asfaltata;Verticale ed orizzontale;Pioggia in atto;Scarso;Sufficiente;Sufficiente;0;0;0;3;;;-1;1;Autovettura privata;In marcia / fermata / arresto;Conducente;F;Illeso;0;;Non accertato;Inesistente
1782771;1;29/11/2008 00:15;Strada Urbana;VIALE MANZONI;in corrispondenza;;del civico n. ;32;;Scontro laterale fra veicoli in marcia;Rettilineo;Una carreggiata a doppio senso;Bagnato (pioggia);Asfaltata;Verticale ed orizzontale;Pioggia in atto;Scarso;Sufficiente;Sufficiente;0;0;0;3;;;-1;1;Autovettura privata;In marcia / fermata / arresto;Passeggero;M;Illeso;0;;Non accertato;Inesistente
1782771;1;29/11/2008 00:15;Strada Urbana;VIALE MANZONI;in corrispondenza;;del civico n. ;32;;Scontro laterale fra veicoli in marcia;Rettilineo;Una carreggiata a doppio senso;Bagnato (pioggia);Asfaltata;Verticale ed orizzontale;Pioggia in atto;Scarso;Sufficiente;Sufficiente;0;0;0;3;;;-1;2;Autovettura privata;In marcia / fermata / arresto;Conducente;F;Illeso;0;;Non accertato;Inesploso
1782773;1;29/11/2008 01:20;Strada Urbana;VIA LUIGI PETROSELLI;da specificare;;;;in corrispndenza di P.ZA BOCCA DELLA VERITA';Scontro laterale fra veicoli in marcia;Rettilineo;Una carreggiata a doppio senso;Bagnato (pioggia);Lastricata;Verticale ed orizzontale;Nuvoloso;Scarso;Buona;Sufficiente;0;0;0;3;;;-1;1;Autovettura privata;In marcia / fermata / arresto;Conducente;M;Illeso;0;;Non accertato;Inesistente
1782773;1;29/11/2008 01:20;Strada Urbana;VIA LUIGI PETROSELLI;da specificare;;;;in corrispndenza di P.ZA BOCCA DELLA VERITA';Scontro laterale fra veicoli in marcia;Rettilineo;Una carreggiata a doppio senso;Bagnato (pioggia);Lastricata;Verticale ed orizzontale;Nuvoloso;Scarso;Buona;Sufficiente;0;0;0;3;;;-1;1;Autovettura privata;In marcia / fermata / arresto;Passeggero;M;Illeso;0;;Non accertato;Inesistente
1782773;1;29/11/2008 01:20;Strada Urbana;VIA LUIGI PETROSELLI;da specificare;;;;in corrispndenza di P.ZA BOCCA DELLA VERITA';Scontro laterale fra veicoli in marcia;Rettilineo;Una carreggiata a doppio senso;Bagnato (pioggia);Lastricata;Verticale ed orizzontale;Nuvoloso;Scarso;Buona;Sufficiente;0;0;0;3;;;-1;2;Autovettura privata;In marcia / fermata / arresto;Conducente;M;Illeso;0;;Non accertato;Inesistente
1782774;1;29/11/2008 02:45;Strada Urbana;LUNGOTEVERE AVENTINO;da specificare;;;;direzione VIA DI S.MARIA IN COSMEDIN;Scontro frontale fra veicoli in marcia;Rettilineo;Una carreggiata a doppio senso;Bagnato (pioggia);In cubetti di porfido;Verticale ed orizzontale;Pioggia in atto;Scarso;Sufficiente;Sufficiente;4;0;0;0;;;-1;1;Autovettura privata;In marcia / fermata / arresto;Conducente;F;Rimandato;0;NON DECEDUTO;Utilizzato;Inesistente
1782774;1;29/11/2008 02:45;Strada Urbana;LUNGOTEVERE AVENTINO;da specificare;;;;direzione VIA DI S.MARIA IN COSMEDIN;Scontro frontale fra veicoli in marcia;Rettilineo;Una carreggiata a doppio senso;Bagnato (pioggia);In cubetti di porfido;Verticale ed orizzontale;Pioggia in atto;Scarso;Sufficiente;Sufficiente;4;0;0;0;;;-1;2;Autovettura privata;In marcia / fermata / arresto;Conducente;F;Rimandato;0;NON DECEDUTO;Utilizzato;Inesistente
1782774;1;29/11/2008 02:45;Strada Urbana;LUNGOTEVERE AVENTINO;da specificare;;;;direzione VIA DI S.MARIA IN COSMEDIN;Scontro frontale fra veicoli in marcia;Rettilineo;Una carreggiata a doppio senso;Bagnato (pioggia);In cubetti di porfido;Verticale ed orizzontale;Pioggia in atto;Scarso;Sufficiente;Sufficiente;4;0;0;0;;;-1;2;Autovettura privata;In marcia / fermata / arresto;Passeggero;F;Rimandato;0;NON DECEDUTO;Utilizzato;Inesistente
1782774;1;29/11/2008 02:45;Strada Urbana;LUNGOTEVERE AVENTINO;da specificare;;;;direzione VIA DI S.MARIA IN COSMEDIN;Scontro frontale fra veicoli in marcia;Rettilineo;Una carreggiata a doppio senso;Bagnato (pioggia);In cubetti di porfido;Verticale ed orizzontale;Pioggia in atto;Scarso;Sufficiente;Sufficiente;4;0;0;0;;;-1;2;Autovettura privata;In marcia / fermata / arresto;Passeggero;F;Rimandato;0;NON DECEDUTO;Utilizzato;Inesistente
1782775;1;29/11/2008 04:25;Strada Urbana;VIA SARDEGNA;all'intersezione con;VIA ROMAGNA;VIA ROMAGNA;;;Scontro frontale/laterale DX fra veicoli in marcia;Incrocio;Una carreggiata a senso unico di marcia;Bagnato (pioggia);Asfaltata;Verticale ed orizzontale;Nuvoloso;Scarso;Buona;Sufficiente;1;0;0;6;;;-1;1;Autovettura privata;In marcia / fermata / arresto;Conducente;M;Illeso;0;;Non accertato;Inesistente
1782775;1;29/11/2008 04:25;Strada Urbana;VIA SARDEGNA;all'intersezione con;VIA ROMAGNA;VIA ROMAGNA;;;Scontro frontale/laterale DX fra veicoli in marcia;Incrocio;Una carreggiata a senso unico di marcia;Bagnato (pioggia);Asfaltata;Verticale ed orizzontale;Nuvoloso;Scarso;Buona;Sufficiente;1;0;0;6;;;-1;1;Autovettura privata;In marcia / fermata / arresto;Passeggero;M;Illeso;0;;Non accertato;Inesistente
1782775;1;29/11/2008 04:25;Strada Urbana;VIA SARDEGNA;all'intersezione con;VIA ROMAGNA;VIA ROMAGNA;;;Scontro frontale/laterale DX fra veicoli in marcia;Incrocio;Una carreggiata a senso unico di marcia;Bagnato (pioggia);Asfaltata;Verticale ed orizzontale;Nuvoloso;Scarso;Buona;Sufficiente;1;0;0;6;;;-1;2;Autovettura privata;In marcia / fermata / arresto;Conducente;M;Illeso;0;;Non accertato;Inesistente
1782775;1;29/11/2008 04:25;Strada Urbana;VIA SARDEGNA;all'intersezione con;VIA ROMAGNA;VIA ROMAGNA;;;Scontro frontale/laterale DX fra veicoli in marcia;Incrocio;Una carreggiata a senso unico di marcia;Bagnato (pioggia);Asfaltata;Verticale ed orizzontale;Nuvoloso;Scarso;Buona;Sufficiente;1;0;0;6;;;-1;2;Autovettura privata;In marcia / fermata / arresto;Passeggero;M;Illeso;0;;Non accertato;Inesistente
1782775;1;29/11/2008 04:25;Strada Urbana;VIA SARDEGNA;all'intersezione con;VIA ROMAGNA;VIA ROMAGNA;;;Scontro frontale/laterale DX fra veicoli in marcia;Incrocio;Una carreggiata a senso unico di marcia;Bagnato (pioggia);Asfaltata;Verticale ed orizzontale;Nuvoloso;Scarso;Buona;Sufficiente;1;0;0;6;;;-1;2;Autovettura privata;In marcia / fermata / arresto;Passeggero;M;Rimandato;0;NON DECEDUTO;Non accertato;Inesploso
1782775;1;29/11/2008 04:25;Strada Urbana;VIA SARDEGNA;all'intersezione con;VIA ROMAGNA;VIA ROMAGNA;;;Scontro frontale/laterale DX fra veicoli in marcia;Incrocio;Una carreggiata a senso unico di marcia;Bagnato (pioggia);Asfaltata;Verticale ed orizzontale;Nuvoloso;Scarso;Buona;Sufficiente;1;0;0;6;;;-1;2;Autovettura privata;In marcia / fermata / arresto;Passeggero;M;Illeso;0;;Non accertato;Inesistente
1782776;1;29/11/2008 05:30;Strada Urbana;VIA DRUSO;in prossimità;;del palo luce n. ;3;;Scontro frontale fra veicoli in marcia;Rettilineo;Una carreggiata a doppio senso;Bagnato (pioggia);Asfaltata;Verticale ed orizzontale;Pioggia in atto;Normale;Buona;Sufficiente;1;0;0;1;;;-1;1;Autovettura privata;In marcia / fermata / arresto;Conducente;M;Illeso;0;;Non accertato;Inesistente
1782776;1;29/11/2008 05:30;Strada Urbana;VIA DRUSO;in prossimità;;del palo luce n. ;3;;Scontro frontale fra veicoli in marcia;Rettilineo;Una carreggiata a doppio senso;Bagnato (pioggia);Asfaltata;Verticale ed orizzontale;Pioggia in atto;Normale;Buona;Sufficiente;1;0;0;1;;;-1;2;Motociclo a solo;In marcia / fermata / arresto;Conducente;M;Ricoverato;0;NON DECEDUTO;Non accertato;Inesistente
1782777;2;29/11/2008 04:50;Strada Urbana;VIA NOMENTANA;all'intersezione semaforizzata con;VIA DI S. ANGELA MERICI;VIA DI S. ANGELA MERICI;;;Scontro frontale/laterale DX fra veicoli in marcia;Incrocio;Due carreggiate;Bagnato (pioggia);Asfaltata;Verticale ed orizzontale;Pioggia in atto;Scarso;Buona;Sufficiente;0;0;0;2;;;-1;1;Autovettura privata;In marcia / fermata / arresto;Conducente;F;Illeso;0;;Non accertato;Esploso
1782777;2;29/11/2008 04:50;Strada Urbana;VIA NOMENTANA;all'intersezione semaforizzata con;VIA DI S. ANGELA MERICI;VIA DI S. ANGELA MERICI;;;Scontro frontale/laterale DX fra veicoli in marcia;Incrocio;Due carreggiate;Bagnato (pioggia);Asfaltata;Verticale ed orizzontale;Pioggia in atto;Scarso;Buona;Sufficiente;0;0;0;2;;;-1;2;Autovettura privata;In marcia / fermata / arresto;Conducente;M;Illeso;0;;Non accertato;Inesistente
1782778;2;29/11/2008 08:10;Strada Urbana;CORSO D'ITALIA;all'intersezione semaforizzata con;VIA AUGUSTO VALENZIANI;VIA AUGUSTO VALENZIANI;;;Scontro frontale/laterale SX fra veicoli in marcia;Intersezione semaforizzata;Una carreggiata a doppio senso;Bagnato (pioggia);Asfaltata;Orizzontale;Nuvoloso;Normale;Sufficiente;Ore Diurne;0;0;0;3;;;-1;1;Autovettura privata;In marcia / fermata / arresto;Conducente;M;Illeso;0;;Non accertato;Inesistente
1782778;2;29/11/2008 08:10;Strada Urbana;CORSO D'ITALIA;all'intersezione semaforizzata con;VIA AUGUSTO VALENZIANI;VIA AUGUSTO VALENZIANI;;;Scontro frontale/laterale SX fra veicoli in marcia;Intersezione semaforizzata;Una carreggiata a doppio senso;Bagnato (pioggia);Asfaltata;Orizzontale;Nuvoloso;Normale;Sufficiente;Ore Diurne;0;0;0;3;;;-1;2;Autovettura privata;In marcia / fermata / arresto;Conducente;M;Illeso;0;;Non accertato;Inesistente
1782778;2;29/11/2008 08:10;Strada Urbana;CORSO D'ITALIA;all'intersezione semaforizzata con;VIA AUGUSTO VALENZIANI;VIA AUGUSTO VALENZIANI;;;Scontro frontale/laterale SX fra veicoli in marcia;Intersezione semaforizzata;Una carreggiata a doppio senso;Bagnato (pioggia);Asfaltata;Orizzontale;Nuvoloso;Normale;Sufficiente;Ore Diurne;0;0;0;3;;;-1;2;Autovettura privata;In marcia / fermata / arresto;Passeggero;F;Illeso;0;;Non accertato;Inesistente
1782779;2;29/11/2008 10:10;Strada Urbana;PIAZZALE DEL PARCO DELLA RIMEMBRANZA;in prossimità;;del civico n. ;11;;Investimento di pedone;Rettilineo;Due carreggiate;Bagnato (umidità in atto);Asfaltata;Orizzontale;Nuvoloso;Normale;Sufficiente;Ore Diurne;1;0;0;0;;;-1;;;;Pedone;M;Ricoverato;0;NON DECEDUTO;;
1782782;4;25/11/2008 12:15;Strada Urbana;VIA MOLAZZANA;da specificare;;;;altezza piazza Minucciano;Veicolo in marcia contro veicoli fermi;Curva a visuale libera;Una carreggiata a doppio senso;Bagnato (pioggia);Asfaltata;Orizzontale;Nuvoloso;Normale;Buona;Ore Diurne;0;0;0;1;;;-1;1;Autovettura privata;In marcia / fermata / arresto;Conducente;M;Illeso;0;;Non accertato;Inesistente
1782783;5;23/11/2008 02:00;Strada Urbana;VIA TIBURTINA;da specificare;;;;alt. Tangenziale Est direz. San Giovanni;Scontro laterale fra veicoli in marcia;Rettilineo;Una carreggiata a senso unico di marcia;Asciutto;Asfaltata;Verticale ed orizzontale;Sereno;Normale;Buona;Sufficiente;0;0;0;2;;;-1;1;Autovettura privata;In marcia / fermata / arresto;Conducente;F;Illeso;0;;Non accertato;Inesistente
1782783;5;23/11/2008 02:00;Strada Urbana;VIA TIBURTINA;da specificare;;;;alt. Tangenziale Est direz. San Giovanni;Scontro laterale fra veicoli in marcia;Rettilineo;Una carreggiata a senso unico di marcia;Asciutto;Asfaltata;Verticale ed orizzontale;Sereno;Normale;Buona;Sufficiente;0;0;0;2;;;-1;2;Autovettura privata;In marcia / fermata / arresto;Conducente;M;Illeso;0;;Non accertato;Inesistente
1782784;6;29/11/2008 09:00;Altra strada;VIA RENZO DA CERI;in corrispondenza;;del civico n. ;122;;Investimento di pedone;Pendenza;Una carreggiata a senso unico di marcia;Bagnato (pioggia);Asfaltata;Assente;Sole radente;Normale;Buona;Ore Diurne;1;0;0;1;;;-1;;;;Pedone;F;Rifiuta cure immediate;0;NON DECEDUTO;;
1782784;6;29/11/2008 09:00;Altra strada;VIA RENZO DA CERI;in corrispondenza;;del civico n. ;122;;Investimento di pedone;Pendenza;Una carreggiata a senso unico di marcia;Bagnato (pioggia);Asfaltata;Assente;Sole radente;Normale;Buona;Ore Diurne;1;0;0;1;;;-1;1;Autocarro inferiore 35 q.;In marcia / fermata / arresto;Conducente;M;Illeso;0;;Non accertato;Inesistente
1782785;11;28/11/2008 09:45;Strada Urbana;VIALE DEL CARAVAGGIO;all'intersezione con;VIA PAOLO VERONESE;VIA PAOLO VERONESE;;;Scontro frontale fra veicoli in marcia;Incrocio;Due carreggiate;Bagnato (umidità in atto);Asfaltata;Verticale ed orizzontale;Nuvoloso;Normale;Buona;Ore Diurne;2;0;0;2;;;-1;1;Autovettura privata;In marcia / fermata / arresto;Conducente;F;Rifiuta cure immediate;0;NON DECEDUTO;Non accertato;Esploso
1782785;11;28/11/2008 09:45;Strada Urbana;VIALE DEL CARAVAGGIO;all'intersezione con;VIA PAOLO VERONESE;VIA PAOLO VERONESE;;;Scontro frontale fra veicoli in marcia;Incrocio;Due carreggiate;Bagnato (umidità in atto);Asfaltata;Verticale ed orizzontale;Nuvoloso;Normale;Buona;Ore Diurne;2;0;0;2;;;-1;1;Autovettura privata;In marcia / fermata / arresto;Passeggero;F;Rimandato;0;NON DECEDUTO;Non accertato;Inesistente
1782785;11;28/11/2008 09:45;Strada Urbana;VIALE DEL CARAVAGGIO;all'intersezione con;VIA PAOLO VERONESE;VIA PAOLO VERONESE;;;Scontro frontale fra veicoli in marcia;Incrocio;Due carreggiate;Bagnato (umidità in atto);Asfaltata;Verticale ed orizzontale;Nuvoloso;Normale;Buona;Ore Diurne;2;0;0;2;;;-1;1;Autovettura privata;In marcia / fermata / arresto;Passeggero;F;Illeso;0;;Non accertato;Inesistente
1782785;11;28/11/2008 09:45;Strada Urbana;VIALE DEL CARAVAGGIO;all'intersezione con;VIA PAOLO VERONESE;VIA PAOLO VERONESE;;;Scontro frontale fra veicoli in marcia;Incrocio;Due carreggiate;Bagnato (umidità in atto);Asfaltata;Verticale ed orizzontale;Nuvoloso;Normale;Buona;Ore Diurne;2;0;0;2;;;-1;2;Autovettura privata;In marcia / fermata / arresto;Conducente;M;Illeso;0;;Non accertato;Inesistente
1782786;13;29/11/2008 16:10;Strada Urbana;VIA DANILO STIEPOVICH;all'intersezione con;VIA ARMANDO CRISCIANI;VIA ARMANDO CRISCIANI;;;Scontro laterale fra veicoli in marcia;Incrocio;Una carreggiata a senso unico di marcia;Asciutto;Asfaltata;Verticale ed orizzontale;Nuvoloso;Normale;Insufficiente;Ore Diurne;0;0;0;3;;;-1;1;Autovettura privata;In marcia / fermata / arresto;Conducente;M;Illeso;0;;Non accertato;Inesploso
1782786;13;29/11/2008 16:10;Strada Urbana;VIA DANILO STIEPOVICH;all'intersezione con;VIA ARMANDO CRISCIANI;VIA ARMANDO CRISCIANI;;;Scontro laterale fra veicoli in marcia;Incrocio;Una carreggiata a senso unico di marcia;Asciutto;Asfaltata;Verticale ed orizzontale;Nuvoloso;Normale;Insufficiente;Ore Diurne;0;0;0;3;;;-1;2;Autovettura privata;In marcia / fermata / arresto;Conducente;M;Illeso;0;;Non accertato;Inesploso
1782786;13;29/11/2008 16:10;Strada Urbana;VIA DANILO STIEPOVICH;all'intersezione con;VIA ARMANDO CRISCIANI;VIA ARMANDO CRISCIANI;;;Scontro laterale fra veicoli in marcia;Incrocio;Una carreggiata a senso unico di marcia;Asciutto;Asfaltata;Verticale ed orizzontale;Nuvoloso;Normale;Insufficiente;Ore Diurne;0;0;0;3;;;-1;2;Autovettura privata;In marcia / fermata / arresto;Passeggero;M;Illeso;0;;Non accertato;Inesploso